comparison,diff,lwr,upr,p adj,time.point,variable
Meaningful emp MN-Meaningful emp region,0.031490823504795706,-0.12310229590951621,0.18608394291910763,0.9812624008455678,after.ed.1,avg.unemp.rate
Not meaningful_in_only-Meaningful emp region,-0.03123114694969331,-0.12927615609898724,0.0668138621996006,0.9082840365956721,after.ed.1,avg.unemp.rate
Not meaningful - other-Meaningful emp region,-0.09850577342139655,-0.20906721248506455,0.012055665642271438,0.10724343920934643,after.ed.1,avg.unemp.rate
No MN emp record-Meaningful emp region,-0.2133998624643052,-0.3058218688384358,-0.12097785609017458,1.3650008234833422e-8,after.ed.1,avg.unemp.rate
Not meaningful_in_only-Meaningful emp MN,-0.06272197045448902,-0.21454311103361487,0.08909917012463683,0.7922762456178356,after.ed.1,avg.unemp.rate
Not meaningful - other-Meaningful emp MN,-0.12999659692619225,-0.2901860682265581,0.03019287437417359,0.174494845247964,after.ed.1,avg.unemp.rate
No MN emp record-Meaningful emp MN,-0.2448906859691009,-0.3931427084506893,-0.09663866348751246,6.504327670597831e-5,after.ed.1,avg.unemp.rate
Not meaningful - other-Not meaningful_in_only,-0.06727462647170324,-0.1739257303775145,0.03937647743410802,0.4210377776857348,after.ed.1,avg.unemp.rate
No MN emp record-Not meaningful_in_only,-0.1821687155146119,-0.269875348209744,-0.09446208281947975,1.5832683653016488e-7,after.ed.1,avg.unemp.rate
No MN emp record-Not meaningful - other,-0.11489408904290865,-0.2164000563919412,-0.013388121693876112,0.017253202658932265,after.ed.1,avg.unemp.rate
Meaningful emp MN-Meaningful emp region,-4.3163233060150574e-4,-0.009000490978674633,0.008137226317471621,0.9999199121470816,after.ed.1,avg.wages.pct.state
Not meaningful_in_only-Meaningful emp region,-0.005779264228360836,-0.011213748167440715,-0.00034478028928095796,0.03054119499281427,after.ed.1,avg.wages.pct.state
Not meaningful - other-Meaningful emp region,-0.0019294532532263542,-0.008057703636253518,0.00419879712980081,0.9117891766602051,after.ed.1,avg.wages.pct.state
No MN emp record-Meaningful emp region,-0.006988763381774232,-0.012111572932364886,-0.0018659538311835786,0.0018554921572272454,after.ed.1,avg.wages.pct.state
Not meaningful_in_only-Meaningful emp MN,-0.005347631897759331,-0.013762844025831122,0.0030675802303124604,0.41321841903304757,after.ed.1,avg.wages.pct.state
Not meaningful - other-Meaningful emp MN,-0.0014978209226248484,-0.010376876741426868,0.007381234896177171,0.9907869463659789,after.ed.1,avg.wages.pct.state
No MN emp record-Meaningful emp MN,-0.0065571310511727265,-0.014774512456946236,0.001660250354600783,0.1884836137326219,after.ed.1,avg.wages.pct.state
Not meaningful - other-Not meaningful_in_only,0.0038498109751344822,-0.002061695549167215,0.009761317499436178,0.3873050596328844,after.ed.1,avg.wages.pct.state
No MN emp record-Not meaningful_in_only,-0.0012094991534133959,-0.006070942799226002,0.0036519444923992107,0.9610787484101306,after.ed.1,avg.wages.pct.state
No MN emp record-Not meaningful - other,-0.005059310128547878,-0.010685629653278694,5.670093961829374e-4,0.10160405881248868,after.ed.1,avg.wages.pct.state
Meaningful emp MN-Meaningful emp region,-0.6963058569393104,-1.0236752390366266,-0.3689364748419941,7.684414415898289e-8,after.ed.1,total.cte.courses.taken
Not meaningful_in_only-Meaningful emp region,-0.7759386340920242,-0.9835606433026011,-0.5683166248814474,1.0590640364682713e-8,after.ed.1,total.cte.courses.taken
Not meaningful - other-Meaningful emp region,-0.8689101723190351,-1.1030372157941166,-0.6347831288439536,1.0590643917396392e-8,after.ed.1,total.cte.courses.taken
No MN emp record-Meaningful emp region,-1.2508645496399948,-1.4465791793306375,-1.0551499199493521,1.0590593735315679e-8,after.ed.1,total.cte.courses.taken
Not meaningful_in_only-Meaningful emp MN,-0.07963277715271389,-0.4011321632120455,0.2418666089066177,0.9616936917260593,after.ed.1,total.cte.courses.taken
Not meaningful - other-Meaningful emp MN,-0.17260431537972476,-0.5118246405583216,0.16661600979887203,0.6353541575771766,after.ed.1,total.cte.courses.taken
No MN emp record-Meaningful emp MN,-0.5545586927006845,-0.8685000451900239,-0.24061734021134507,1.438452787083655e-5,after.ed.1,total.cte.courses.taken
Not meaningful - other-Not meaningful_in_only,-0.09297153822701087,-0.3188179802803033,0.1328749038262815,0.7944366210538134,after.ed.1,total.cte.courses.taken
No MN emp record-Not meaningful_in_only,-0.4749259155479706,-0.6606551786614978,-0.2891966524344433,1.0622019153139206e-8,after.ed.1,total.cte.courses.taken
No MN emp record-Not meaningful - other,-0.3819543773209597,-0.5969053786083222,-0.16700337603359725,1.2467419393091816e-5,after.ed.1,total.cte.courses.taken
Meaningful emp MN-Meaningful emp region,0.11636580899411575,0.015997415996924974,0.21673420199130652,0.013564063613897615,after.ed.1,MCA.M
Not meaningful_in_only-Meaningful emp region,0.03022226331622413,-0.033851064524769506,0.09429559115721776,0.6994244320843308,after.ed.1,MCA.M
Not meaningful - other-Meaningful emp region,0.028970019423901316,-0.04317430452506364,0.10111434337286627,0.8089838432012911,after.ed.1,MCA.M
No MN emp record-Meaningful emp region,-0.004016836182866523,-0.06567592487895708,0.05764225251322404,0.999777261215302,after.ed.1,MCA.M
Not meaningful_in_only-Meaningful emp MN,-0.08614354567789162,-0.18487189695292777,0.012584805597144533,0.12069784424584584,after.ed.1,MCA.M
Not meaningful - other-Meaningful emp MN,-0.08739578957021443,-0.19154327865622495,0.01675169951579608,0.14830646269277792,after.ed.1,MCA.M
No MN emp record-Meaningful emp MN,-0.12038264517698227,-0.2175615483592051,-0.023203741994759428,0.006535311479357708,after.ed.1,MCA.M
Not meaningful - other-Not meaningful_in_only,-0.001252243892322813,-0.07109690375047946,0.06859241596583383,0.9999987046681613,after.ed.1,MCA.M
No MN emp record-Not meaningful_in_only,-0.03423909949909065,-0.09319091246087124,0.02471271346268994,0.5074011563494774,after.ed.1,MCA.M
No MN emp record-Not meaningful - other,-0.03298685560676784,-0.100623594062392,0.034649882848856325,0.6721320565506009,after.ed.1,MCA.M
Meaningful emp MN-Meaningful emp region,-0.0338044899851333,-0.17603159345488903,0.10842261348462243,0.9669868575188372,after.ed.2,avg.unemp.rate
Not meaningful_in_only-Meaningful emp region,-0.10597543146576083,-0.20650852387725618,-0.0054423390542654715,0.032904515894365494,after.ed.2,avg.unemp.rate
Not meaningful - other-Meaningful emp region,-0.1332718338895038,-0.24494239733665302,-0.021601270442354603,0.009980116086085289,after.ed.2,avg.unemp.rate
No MN emp record-Meaningful emp region,-0.2963130625470667,-0.3841795471542436,-0.2084465779398898,1.0590651244868354e-8,after.ed.2,avg.unemp.rate
Not meaningful_in_only-Meaningful emp MN,-0.07217094148062753,-0.21697717151897675,0.0726352885577217,0.6536164962872543,after.ed.2,avg.unemp.rate
Not meaningful - other-Meaningful emp MN,-0.09946734390437051,-0.2522163417037172,0.053281653894976216,0.3874000674480731,after.ed.2,avg.unemp.rate
No MN emp record-Meaningful emp MN,-0.2625085725619334,-0.39882607219174726,-0.1261910729321195,1.511458975755886e-6,after.ed.2,avg.unemp.rate
Not meaningful - other-Not meaningful_in_only,-0.027296402423742983,-0.1422338203394352,0.08764101549194926,0.96708249125943,after.ed.2,avg.unemp.rate
No MN emp record-Not meaningful_in_only,-0.19033763108130586,-0.2823203164832116,-0.0983549456794001,1.7762052229031156e-7,after.ed.2,avg.unemp.rate
No MN emp record-Not meaningful - other,-0.16304122865756288,-0.2670807715464639,-0.05900168576866184,1.8643449555522107e-4,after.ed.2,avg.unemp.rate
Meaningful emp MN-Meaningful emp region,-2.1415688173176406e-4,-0.008106429280926,0.007678115517462471,0.9999932136345849,after.ed.2,avg.wages.pct.state
Not meaningful_in_only-Meaningful emp region,-0.0040486366580989586,-0.00962728187471627,0.0015300085585183533,0.275855527524125,after.ed.2,avg.wages.pct.state
Not meaningful - other-Meaningful emp region,-0.004493924670512017,-0.010690595236075622,0.001702745895051587,0.2765652926345936,after.ed.2,avg.wages.pct.state
No MN emp record-Meaningful emp region,-0.006471223735336373,-0.011346990831492636,-0.001595456639180111,0.0027258907129985577,after.ed.2,avg.wages.pct.state
Not meaningful_in_only-Meaningful emp MN,-0.0038344797763671945,-0.011869869548655283,0.0042009099959208936,0.6901043768304581,after.ed.2,avg.wages.pct.state
Not meaningful - other-Meaningful emp MN,-0.004279767788780253,-0.012755906794119132,0.004196371216558626,0.6422149840020585,after.ed.2,avg.wages.pct.state
No MN emp record-Meaningful emp MN,-0.006257066853604609,-0.013821411578408264,0.001307277871199046,0.15927630763617762,after.ed.2,avg.wages.pct.state
Not meaningful - other-Not meaningful_in_only,-4.452880124130587e-4,-0.0068232384094944944,0.005932662384668377,0.9997068272378786,after.ed.2,avg.wages.pct.state
No MN emp record-Not meaningful_in_only,-0.0024225870772374147,-0.0075267647725639555,0.002681590618089126,0.6944597582040795,after.ed.2,avg.wages.pct.state
No MN emp record-Not meaningful - other,-0.001977299064824356,-0.007750519447825866,0.0037959213181771537,0.8836011305098255,after.ed.2,avg.wages.pct.state
Meaningful emp MN-Meaningful emp region,-0.554644149101323,-0.8563016801267986,-0.2529866180758473,5.291686040909127e-6,after.ed.2,total.cte.courses.taken
Not meaningful_in_only-Meaningful emp region,-0.612055582140135,-0.8252819201823531,-0.39882924409791687,1.0590695986856247e-8,after.ed.2,total.cte.courses.taken
Not meaningful - other-Meaningful emp region,-0.8896688436315294,-1.1265172757227733,-0.6528204115402855,1.059064158592804e-8,after.ed.2,total.cte.courses.taken
No MN emp record-Meaningful emp region,-1.128672394930212,-1.315033406016438,-0.9423113838439862,1.0590593735315679e-8,after.ed.2,total.cte.courses.taken
Not meaningful_in_only-Meaningful emp MN,-0.05741143303881202,-0.36453917989449036,0.24971631381686632,0.9864127060766502,after.ed.2,total.cte.courses.taken
Not meaningful - other-Meaningful emp MN,-0.33502469453020645,-0.6589987080526368,-0.011050681007776064,0.0385282083770343,after.ed.2,total.cte.courses.taken
No MN emp record-Meaningful emp MN,-0.574028245828889,-0.8631517628710551,-0.2849047287867229,6.24044237174104e-7,after.ed.2,total.cte.courses.taken
Not meaningful - other-Not meaningful_in_only,-0.2776132614913944,-0.5213905505245207,-0.03383597245826819,0.016251390376039065,after.ed.2,total.cte.courses.taken
No MN emp record-Not meaningful_in_only,-0.516616812790077,-0.7117081076172429,-0.32152551796291107,1.059586285379055e-8,after.ed.2,total.cte.courses.taken
No MN emp record-Not meaningful - other,-0.23900355129868256,-0.45966691904812684,-0.018340183549238276,0.026025936081873202,after.ed.2,total.cte.courses.taken
Meaningful emp MN-Meaningful emp region,0.10784726168101777,0.015640320947776926,0.20005420241425861,0.012381794358462761,after.ed.2,MCA.M
Not meaningful_in_only-Meaningful emp region,-0.002892427279363563,-0.06881467037676911,0.06302981581804198,0.9999537978556701,after.ed.2,MCA.M
Not meaningful - other-Meaningful emp region,0.03091753276852849,-0.041995137772912194,0.10383020330996917,0.7759751762287282,after.ed.2,MCA.M
No MN emp record-Meaningful emp region,0.04592202501741527,-0.0126506159733593,0.10449466600818984,0.20365850686736175,after.ed.2,MCA.M
Not meaningful_in_only-Meaningful emp MN,-0.11073968896038133,-0.2049535011098098,-0.01652587681095284,0.011755030660166588,after.ed.2,MCA.M
Not meaningful - other-Meaningful emp MN,-0.07692972891248928,-0.1761605597576406,0.022301101932662062,0.21360825903947778,after.ed.2,MCA.M
No MN emp record-Meaningful emp MN,-0.0619252366636025,-0.15115109915519476,0.027300625827989755,0.3208610343805005,after.ed.2,MCA.M
Not meaningful - other-Not meaningful_in_only,0.03380996004789205,-0.0416246474332176,0.1092445675290017,0.7381326031391948,after.ed.2,MCA.M
No MN emp record-Not meaningful_in_only,0.04881445229677883,-0.01286923073997389,0.11049813533353156,0.1955564870900225,after.ed.2,MCA.M
No MN emp record-Not meaningful - other,0.01500449224888678,-0.054099719948849864,0.08410870444662343,0.9762698356800792,after.ed.2,MCA.M
Meaningful emp MN-Meaningful emp region,-0.04034962369656636,-0.17702397432697264,0.09632472693383992,0.9290617213094378,after.ed.3,avg.unemp.rate
Not meaningful_in_only-Meaningful emp region,-0.0900171312957534,-0.19320947032851568,0.013175207737008893,0.12085748890147774,after.ed.3,avg.unemp.rate
Not meaningful - other-Meaningful emp region,-0.18011873703733716,-0.2948661507199104,-0.06537132335476391,1.8067650505049215e-4,after.ed.3,avg.unemp.rate
No MN emp record-Meaningful emp region,-0.31457490622149553,-0.40003870632066413,-0.22911110612232694,1.0590642363084157e-8,after.ed.3,avg.unemp.rate
Not meaningful_in_only-Meaningful emp MN,-0.04966750759918703,-0.1926268472055292,0.09329183200715513,0.878108267024503,after.ed.3,avg.unemp.rate
Not meaningful - other-Meaningful emp MN,-0.1397691133407708,-0.29128044259528074,0.011742215913739112,0.08696570413113158,after.ed.3,avg.unemp.rate
No MN emp record-Meaningful emp MN,-0.27422528252492917,-0.4049646227137934,-0.14348594233606496,1.1717417458534385e-7,after.ed.3,avg.unemp.rate
Not meaningful - other-Not meaningful_in_only,-0.09010160574158377,-0.21226732764129602,0.032064116158128486,0.2601155086308039,after.ed.3,avg.unemp.rate
No MN emp record-Not meaningful_in_only,-0.22455777492574214,-0.31974997937457755,-0.12936557047690672,1.1850356251841276e-8,after.ed.3,avg.unemp.rate
No MN emp record-Not meaningful - other,-0.13445616918415837,-0.24206595451809504,-0.026846383850221714,0.005898593841933142,after.ed.3,avg.unemp.rate
Meaningful emp MN-Meaningful emp region,-0.0017307469370612116,-0.009318844252481358,0.005857350378358936,0.9715775140268047,after.ed.3,avg.wages.pct.state
Not meaningful_in_only-Meaningful emp region,-0.0052826062511165395,-0.011011797625904207,4.465851236711291e-4,0.0872308661476513,after.ed.3,avg.wages.pct.state
Not meaningful - other-Meaningful emp region,-0.002194069167047008,-0.008564792991231977,0.004176654657137961,0.8814961980003146,after.ed.3,avg.wages.pct.state
No MN emp record-Meaningful emp region,-0.006484751961770341,-0.011229662979140343,-0.0017398409444003386,0.0018085281505673123,after.ed.3,avg.wages.pct.state
Not meaningful_in_only-Meaningful emp MN,-0.003551859314055328,-0.011488896337297539,0.004385177709186883,0.7392607004088734,after.ed.3,avg.wages.pct.state
Not meaningful - other-Meaningful emp MN,-4.633222299857964e-4,-0.008875161799510058,0.007948517339538465,0.9998857059687283,after.ed.3,avg.wages.pct.state
No MN emp record-Meaningful emp MN,-0.004754005024709129,-0.012012593280157663,0.0025045832307394045,0.3813128947213298,after.ed.3,avg.wages.pct.state
Not meaningful - other-Not meaningful_in_only,0.0030885370840695314,-0.0036940478128609225,0.009871121980999986,0.726516210581091,after.ed.3,avg.wages.pct.state
No MN emp record-Not meaningful_in_only,-0.0012021457106538014,-0.006487173279436234,0.0040828818581286315,0.971860536283756,after.ed.3,avg.wages.pct.state
No MN emp record-Not meaningful - other,-0.004290682794723333,-0.010265128763839372,0.0016837631743927073,0.2862418897703418,after.ed.3,avg.wages.pct.state
Meaningful emp MN-Meaningful emp region,-0.747256713997543,-1.0370414613632661,-0.45747196663181994,1.0611268752569458e-8,after.ed.3,total.cte.courses.taken
Not meaningful_in_only-Meaningful emp region,-0.6323187997822624,-0.851113077997288,-0.4135245215672368,1.05906938774325e-8,after.ed.3,total.cte.courses.taken
Not meaningful - other-Meaningful emp region,-0.9524737692814096,-1.1957677753000995,-0.7091797632627196,1.0590641363883435e-8,after.ed.3,total.cte.courses.taken
No MN emp record-Meaningful emp region,-1.1642662820524237,-1.345471501659609,-0.9830610624452382,1.0590593735315679e-8,after.ed.3,total.cte.courses.taken
Not meaningful_in_only-Meaningful emp MN,0.11493791421528066,-0.1881726249627852,0.4180484533933465,0.8394275751739144,after.ed.3,total.cte.courses.taken
Not meaningful - other-Meaningful emp MN,-0.20521705528386658,-0.5264600102973674,0.11602589972963429,0.40765640352941135,after.ed.3,total.cte.courses.taken
No MN emp record-Meaningful emp MN,-0.41700956805488065,-0.6942105680423845,-0.1398085680673768,3.9258690853150036e-4,after.ed.3,total.cte.courses.taken
Not meaningful - other-Not meaningful_in_only,-0.32015496949914724,-0.5791776953739711,-0.06113224362432329,0.006709015643605154,after.ed.3,total.cte.courses.taken
No MN emp record-Not meaningful_in_only,-0.5319474822701613,-0.7337794192075304,-0.3301155453327922,1.0597344668461517e-8,after.ed.3,total.cte.courses.taken
No MN emp record-Not meaningful - other,-0.21179251277101407,-0.43995291238689505,0.016367886844866897,0.08361610650447404,after.ed.3,total.cte.courses.taken
Meaningful emp MN-Meaningful emp region,0.15288673102301154,0.06411128892487904,0.24166217312114402,2.6094786901409428e-5,after.ed.3,MCA.M
Not meaningful_in_only-Meaningful emp region,-0.0022758479030962064,-0.07003968926810931,0.0654879934619169,0.9999840953986311,after.ed.3,MCA.M
Not meaningful - other-Meaningful emp region,0.043208761134773344,-0.03179785551094633,0.11821537778049301,0.515774723630063,after.ed.3,MCA.M
No MN emp record-Meaningful emp region,0.06507644636338084,0.008190349282346028,0.12196254344441565,0.015534463525638365,after.ed.3,MCA.M
Not meaningful_in_only-Meaningful emp MN,-0.15516257892610774,-0.24843737698067497,-0.06188778087154051,5.6082346876928924e-5,after.ed.3,MCA.M
Not meaningful - other-Meaningful emp MN,-0.10967796988823819,-0.20834023367848167,-0.01101570609799471,0.020513674227534917,after.ed.3,MCA.M
No MN emp record-Meaningful emp MN,-0.0878102846596307,-0.1735090465917062,-0.0021115227275551873,0.041462574615334535,after.ed.3,MCA.M
Not meaningful - other-Not meaningful_in_only,0.04548460903786955,-0.034796779671092,0.12576599774683112,0.5326473744929322,after.ed.3,MCA.M
No MN emp record-Not meaningful_in_only,0.06735229426647704,0.0036723376591241835,0.13103225087382991,0.03198958610196789,after.ed.3,MCA.M
No MN emp record-Not meaningful - other,0.021867685228607492,-0.04947088230403668,0.09320625276125166,0.9193810885368592,after.ed.3,MCA.M
Meaningful emp MN-Meaningful emp region,-0.04417192373434897,-0.173570508522596,0.08522666105389806,0.8848425439047602,after.ed.4,avg.unemp.rate
Not meaningful_in_only-Meaningful emp region,-0.08839186885911765,-0.19504534284020886,0.018261605121973543,0.157780098300222,after.ed.4,avg.unemp.rate
Not meaningful - other-Meaningful emp region,-0.16711211249644808,-0.2861519185210721,-0.04807230647182409,0.001215107046327324,after.ed.4,avg.unemp.rate
No MN emp record-Meaningful emp region,-0.3287704586892861,-0.4128949868312578,-0.2446459305473144,1.0590640808771923e-8,after.ed.4,avg.unemp.rate
Not meaningful_in_only-Meaningful emp MN,-0.04421994512476868,-0.18355972477798282,0.09511983452844547,0.9094179804790739,after.ed.4,avg.unemp.rate
Not meaningful - other-Meaningful emp MN,-0.12294018876209911,-0.27197403089183514,0.026093653367636915,0.16141502556298837,after.ed.4,avg.unemp.rate
No MN emp record-Meaningful emp MN,-0.28459853495493714,-0.40755196889104306,-0.1616451010188312,1.3357688510851062e-8,after.ed.4,avg.unemp.rate
Not meaningful - other-Not meaningful_in_only,-0.07872024363733043,-0.20849719023026433,0.05105670295560347,0.4622942114847901,after.ed.4,avg.unemp.rate
No MN emp record-Not meaningful_in_only,-0.24037858983016847,-0.33911316677114955,-0.1416440128891874,1.0908976721957231e-8,after.ed.4,avg.unemp.rate
No MN emp record-Not meaningful - other,-0.16165834619283803,-0.2736584738260658,-0.04965821855961025,7.864326994736492e-4,after.ed.4,avg.unemp.rate
Meaningful emp MN-Meaningful emp region,2.6505938611642854e-4,-0.006922116629060007,0.007452235401292864,0.9999768944412571,after.ed.4,avg.wages.pct.state
Not meaningful_in_only-Meaningful emp region,-0.005397987308434216,-0.0113218333179291,5.258587010606693e-4,0.09382691958975165,after.ed.4,avg.wages.pct.state
Not meaningful - other-Meaningful emp region,-0.0035107446159563516,-0.010122563749152477,0.003101074517239774,0.5961186412677797,after.ed.4,avg.wages.pct.state
No MN emp record-Meaningful emp region,-0.005888438629244819,-0.010560961067874537,-0.0012159161906151019,0.0053170168269589535,after.ed.4,avg.wages.pct.state
Not meaningful_in_only-Meaningful emp MN,-0.005663046694550644,-0.013402385760139177,0.0020762923710378875,0.2678019463725396,after.ed.4,avg.wages.pct.state
Not meaningful - other-Meaningful emp MN,-0.00377580400207278,-0.012053579662117855,0.004501971657972295,0.7252487811096238,after.ed.4,avg.wages.pct.state
No MN emp record-Meaningful emp MN,-0.006153498015361247,-0.012982691493908658,6.756954631861644e-4,0.10038326235881656,after.ed.4,avg.wages.pct.state
Not meaningful - other-Not meaningful_in_only,0.001887242692477864,-0.005320948644405177,0.009095434029360906,0.9533173546325695,after.ed.4,avg.wages.pct.state
No MN emp record-Not meaningful_in_only,-4.904513208106032e-4,-0.005974458618263402,0.004993555976642195,0.999219128604911,after.ed.4,avg.wages.pct.state
No MN emp record-Not meaningful - other,-0.002377694013288467,-0.008598508810757159,0.0038431207841802244,0.835464065823204,after.ed.4,avg.wages.pct.state
Meaningful emp MN-Meaningful emp region,-0.8375174501361746,-1.1121081339341938,-0.5629267663381554,1.059064835828849e-8,after.ed.4,total.cte.courses.taken
Not meaningful_in_only-Meaningful emp region,-0.5396442566913544,-0.7659686048117527,-0.31331990857095615,1.1387981002641823e-8,after.ed.4,total.cte.courses.taken
Not meaningful - other-Meaningful emp region,-0.9553697058828385,-1.2079785098274547,-0.7027609019382225,1.0590642141039552e-8,after.ed.4,total.cte.courses.taken
No MN emp record-Meaningful emp region,-1.0996592182968614,-1.278175944306587,-0.921142492287136,1.0590593735315679e-8,after.ed.4,total.cte.courses.taken
Not meaningful_in_only-Meaningful emp MN,0.2978731934448202,0.002186765051079398,0.593559621838561,0.04729421430071645,after.ed.4,total.cte.courses.taken
Not meaningful - other-Meaningful emp MN,-0.11785225574666391,-0.434110000654916,0.19840548916158818,0.847852944307056,after.ed.4,total.cte.courses.taken
No MN emp record-Meaningful emp MN,-0.2621417681606868,-0.5230554988253548,-0.0012280374960186857,0.048263324468726054,after.ed.4,total.cte.courses.taken
Not meaningful - other-Not meaningful_in_only,-0.41572544919148413,-0.6911190368762965,-0.1403318615066717,3.6947042896851023e-4,after.ed.4,total.cte.courses.taken
No MN emp record-Not meaningful_in_only,-0.560014961605507,-0.7695349887456695,-0.3504949344653446,1.0593808719150388e-8,after.ed.4,total.cte.courses.taken
No MN emp record-Not meaningful - other,-0.14428951241402288,-0.38195974414492495,0.09338071931687916,0.4613978813363412,after.ed.4,total.cte.courses.taken
Meaningful emp MN-Meaningful emp region,0.16907709235953572,0.08506756434716044,0.253086620371911,4.381454810076235e-7,after.ed.4,MCA.M
Not meaningful_in_only-Meaningful emp region,-0.06553051702605295,-0.1357210298658316,0.004659995813725698,0.08060042380427845,after.ed.4,MCA.M
Not meaningful - other-Meaningful emp region,0.0133342684282729,-0.06450840946051133,0.09117694631705713,0.9902335857720428,after.ed.4,MCA.M
No MN emp record-Meaningful emp region,0.059165237327706066,0.003308022227057568,0.11502245242835457,0.031594109051649055,after.ed.4,MCA.M
Not meaningful_in_only-Meaningful emp MN,-0.23460760938558867,-0.3257186229640855,-0.14349659580709184,3.324075514843372e-8,after.ed.4,MCA.M
Not meaningful - other-Meaningful emp MN,-0.15574282393126282,-0.25287155914122483,-0.05861408872130078,1.1950099656021784e-4,after.ed.4,MCA.M
No MN emp record-Meaningful emp MN,-0.10991185503182965,-0.19050054643074749,-0.029323163632911806,0.0018631752261919488,after.ed.4,MCA.M
Not meaningful - other-Not meaningful_in_only,0.07886478545432585,-0.006593382670997225,0.16432295357964893,0.08676018633359173,after.ed.4,MCA.M
No MN emp record-Not meaningful_in_only,0.12469575435375901,0.05863786703332556,0.19075364167419245,2.6530542689418013e-6,after.ed.4,MCA.M
No MN emp record-Not meaningful - other,0.04583096889943317,-0.028306868170614716,0.11996880596948105,0.4423548444795784,after.ed.4,MCA.M
Meaningful emp MN-Meaningful emp region,-0.04776683934207071,-0.17168552045875643,0.07615184177461501,0.8311426856383617,after.ed.5,avg.unemp.rate
Not meaningful_in_only-Meaningful emp region,-0.10518263427676544,-0.21487164016481275,0.004506371611281881,0.06750385592411301,after.ed.5,avg.unemp.rate
Not meaningful - other-Meaningful emp region,-0.07003853177033115,-0.19295074253560698,0.05287367899494469,0.5268545229004536,after.ed.5,avg.unemp.rate
No MN emp record-Meaningful emp region,-0.3389675673073196,-0.4219326598547431,-0.25600247475989607,1.059061094377256e-8,after.ed.5,avg.unemp.rate
Not meaningful_in_only-Meaningful emp MN,-0.05741579493469473,-0.19504543516939085,0.08021384530000139,0.7862909924924686,after.ed.5,avg.unemp.rate
Not meaningful - other-Meaningful emp MN,-0.022271692428260437,-0.17065515314282728,0.1261117682863064,0.9941072118964669,after.ed.5,avg.unemp.rate
No MN emp record-Meaningful emp MN,-0.2912007279652489,-0.4086462320930202,-0.17375522383747752,1.072864241891125e-8,after.ed.5,avg.unemp.rate
Not meaningful - other-Not meaningful_in_only,0.035144102506434294,-0.10158003543797053,0.17186824045083912,0.9562700261098042,after.ed.5,avg.unemp.rate
No MN emp record-Not meaningful_in_only,-0.23378493303055414,-0.336104456694592,-0.1314654093665163,1.5253364793466062e-8,after.ed.5,avg.unemp.rate
No MN emp record-Not meaningful - other,-0.26892903553698844,-0.38531210331463,-0.15254596775934687,1.3557370337480279e-8,after.ed.5,avg.unemp.rate
Meaningful emp MN-Meaningful emp region,0.0027924059853043914,-0.004093075131060833,0.009677887101669617,0.8032925408193201,after.ed.5,avg.wages.pct.state
Not meaningful_in_only-Meaningful emp region,-0.0034532452188043017,-0.009548061366854214,0.0026415709292456103,0.5326131778286094,after.ed.5,avg.wages.pct.state
Not meaningful - other-Meaningful emp region,-0.004488485287567734,-0.011318042369426098,0.002341071794290631,0.37767248868279957,after.ed.5,avg.wages.pct.state
No MN emp record-Meaningful emp region,-0.005219872045823082,-0.009829786974750277,-6.099571168958874e-4,0.01719083782550712,after.ed.5,avg.wages.pct.state
Not meaningful_in_only-Meaningful emp MN,-0.006245651204108693,-0.01389297508093245,0.0014016726727150638,0.16933781575502604,after.ed.5,avg.wages.pct.state
Not meaningful - other-Meaningful emp MN,-0.007280891272872125,-0.015525745943081327,9.639633973370764e-4,0.11284413294256224,after.ed.5,avg.wages.pct.state
No MN emp record-Meaningful emp MN,-0.008012278031127473,-0.01453808022323034,-0.001486475839024606,0.00725259358796726,after.ed.5,avg.wages.pct.state
Not meaningful - other-Not meaningful_in_only,-0.0010352400687634322,-0.008632250152182986,0.006561770014656121,0.995941650501003,after.ed.5,avg.wages.pct.state
No MN emp record-Not meaningful_in_only,-0.0017666268270187802,-0.00745196128729132,0.00391870763325376,0.915596755921564,after.ed.5,avg.wages.pct.state
No MN emp record-Not meaningful - other,-7.313867582553479e-4,-0.007198155192411177,0.005735381675900481,0.9980355675916246,after.ed.5,avg.wages.pct.state
Meaningful emp MN-Meaningful emp region,-0.8146940721714175,-1.0778797913560083,-0.5515083529868268,1.0590643473307182e-8,after.ed.5,total.cte.courses.taken
Not meaningful_in_only-Meaningful emp region,-0.5958195272716322,-0.8287834326420016,-0.36285562190126286,1.062173216048734e-8,after.ed.5,total.cte.courses.taken
Not meaningful - other-Meaningful emp region,-0.9890994105465287,-1.250147529323443,-0.7280512917696146,1.0590641807972645e-8,after.ed.5,total.cte.courses.taken
No MN emp record-Meaningful emp region,-1.0538965850411515,-1.2301026853041865,-0.8776904847781164,1.0590593735315679e-8,after.ed.5,total.cte.courses.taken
Not meaningful_in_only-Meaningful emp MN,0.2188745448997853,-0.07343130858308927,0.5111803983826599,0.24563186833058404,after.ed.5,total.cte.courses.taken
Not meaningful - other-Meaningful emp MN,-0.17440533837511119,-0.4895507827208977,0.14074010597067532,0.5560981863934952,after.ed.5,total.cte.courses.taken
No MN emp record-Meaningful emp MN,-0.23920251286973393,-0.4886401213910716,0.010235095651603715,0.06747959339541465,after.ed.5,total.cte.courses.taken
Not meaningful - other-Not meaningful_in_only,-0.3932798832748965,-0.6836625782045485,-0.10289718834524447,0.0020585658953999886,after.ed.5,total.cte.courses.taken
No MN emp record-Not meaningful_in_only,-0.45807705776951924,-0.6753892271654098,-0.24076488837362864,1.0074241441060394e-7,after.ed.5,total.cte.courses.taken
No MN emp record-Not meaningful - other,-0.06479717449462274,-0.3119783187574886,0.18238396976824314,0.9531116352065062,after.ed.5,total.cte.courses.taken
Meaningful emp MN-Meaningful emp region,0.2073223950679126,0.12671111265625035,0.2879336774795749,3.3242131824984256e-8,after.ed.5,MCA.M
Not meaningful_in_only-Meaningful emp region,-0.0787392393288271,-0.15099834037132717,-0.006480138286327014,0.0246546825373406,after.ed.5,MCA.M
Not meaningful - other-Meaningful emp region,-0.043278906242734116,-0.12355974709809979,0.03700193461263156,0.5816507105320762,after.ed.5,MCA.M
No MN emp record-Meaningful emp region,0.05528811329186745,2.3991883192247404e-4,0.11033630775181241,0.048390113920378175,after.ed.5,MCA.M
Not meaningful_in_only-Meaningful emp MN,-0.2860616343967397,-0.37631760809946235,-0.19580566069401706,3.3218535699930385e-8,after.ed.5,MCA.M
Not meaningful - other-Meaningful emp MN,-0.25060130131064673,-0.34739890724178984,-0.1538036953795036,3.323545139100048e-8,after.ed.5,MCA.M
No MN emp record-Meaningful emp MN,-0.15203428177604517,-0.22920336119815726,-0.07486520235393308,8.067520873566991e-7,after.ed.5,MCA.M
Not meaningful - other-Not meaningful_in_only,0.03546033308609298,-0.054500632590239906,0.12542129876242586,0.8193096419812805,after.ed.5,MCA.M
No MN emp record-Not meaningful_in_only,0.13402735262069454,0.06562950433382436,0.20242520090756472,9.408466609128752e-7,after.ed.5,MCA.M
No MN emp record-Not meaningful - other,0.09856701953460156,0.021743186154276006,0.17539085291492712,0.004253210753642711,after.ed.5,MCA.M
